,cycle,capacity,SoH,resistance,CCCT,CVCT
0,1.0,1.126384506847021,0.8251749788496755,0.09400942176580429,6613.059052345847,2251.4980328565025
1,2.0,1.1261598161259705,0.8159651061023845,0.09166102111339569,6612.402800333909,2231.9670516618344
2,3.0,1.125965708259707,0.8159769853970686,0.09464868903160095,6608.560673446514,2228.2169593679637
3,4.0,1.1185076863180938,0.8251939106307753,0.09141284227371216,6604.732221556416,2247.5610614072757
4,5.0,1.1172100749182547,0.806900151265794,0.09141284227371216,6629.211048845966,2077.692393289035
5,6.0,1.1137535513150443,0.7977170830305256,0.08841638267040253,6619.934535154542,2042.6783893326428
6,7.0,1.0988181436744804,0.8068184901581426,0.09230511635541916,6519.9833041777165,2166.8899870380774
7,8.0,1.0961803263765921,0.7976191388042235,0.09303076565265656,6455.685387555532,2159.8586623985902
8,9.0,1.0898711301696573,0.7976266593617038,0.0908498615026474,6427.49820538958,2151.903192905782
9,10.0,1.0875822954661674,0.7884539791421473,0.09157814085483551,6405.686006724049,2144.327434464736
10,11.0,1.0947478949707463,0.7977044150319033,0.09068572521209717,6392.936184905033,2104.736813184776
11,12.0,1.0955682863426888,0.7885375083130615,0.08979491144418716,6467.884832546115,2019.661805744312
12,13.0,1.0954329180709088,0.7885330195099428,0.08898594975471497,6483.6850235787715,1983.5876874668465
13,14.0,1.095223222083344,0.7885725094618283,0.08744695037603378,6488.046996918478,1969.242195511877
14,15.0,1.0948040555332583,0.7794007633199274,0.08744695037603378,6489.313992611569,1959.5709962826804
15,16.0,1.0944448817959302,0.7794356242667275,0.08687268197536469,6492.238834527612,1934.7752820733876
16,17.0,1.0940442107208557,0.7794268956199938,0.08752601593732834,6494.006025817071,1922.338226298627
17,18.0,1.0934614215105336,0.7794357118928951,0.08736802637577057,6493.727088454296,1911.6202167109004
18,19.0,1.0927332194072785,0.7794310565869689,0.088097482919693,6489.351767718763,1905.245126950671
19,20.0,1.0888536787324268,0.7794298234881514,0.08663725852966309,6486.415079302707,1900.4328551335784
20,21.0,1.0883814134478704,0.7794208829449187,0.08663725852966309,6482.556866845087,1898.2456238602172
21,22.0,1.0879949624513225,0.7794677494185519,0.08590515702962875,6479.27651738486,1887.7772867180756
22,23.0,1.0876290188457574,0.7794606650862597,0.08736802637577057,6477.37135720448,1880.7000902368163
23,24.0,1.0872335492167664,0.7794426158211041,0.0850178673863411,6476.982651224593,1870.512688431947
24,25.0,1.086799750378054,0.7794423698919546,0.08655905723571777,6472.948504800443,1871.0752651812509
25,26.0,1.0863976880895259,0.7794686025386475,0.08655905723571777,6467.857551779074,1870.7629681710387
26,27.0,1.0764608398671511,0.77019537801757,0.08736802637577057,6462.951588027936,1843.5745287944446
27,28.0,1.0682813219671374,0.7701343845627799,0.08987603336572647,6327.288715652481,2020.8462157335016
28,29.0,1.061871030040747,0.7792971313022784,0.08979491144418716,6286.111989992263,2028.8926307454822
29,30.0,1.0604499542130021,0.7701416485284811,0.08995728939771652,6254.0174590410315,2053.2353065385832
30,31.0,1.0590703515513098,0.77011279547929,0.09141284227371216,6235.032732691499,2054.46941855544
31,32.0,1.0684316315261961,0.7793606185776552,0.08825664222240448,6243.658904019627,1999.0204682351323
32,33.0,1.069764576241007,0.7702203509732761,0.08898594975471497,6331.608342632069,1931.7264370233752
33,34.0,1.0612467360899798,0.7610030768164385,0.08655905723571777,6351.00299833162,1917.0713653856656
34,35.0,1.0528038388294765,0.7701233990531131,0.09068572521209717,6234.5964006727445,2050.5947201398667
35,36.0,1.0514969839157156,0.7609526495608641,0.08987603336572647,6191.328954363591,2066.2502566388575
36,37.0,1.0507885373892558,0.7701141213651713,0.08922754228115082,6177.4851812312845,2067.547145640361
37,38.0,1.049771042431389,0.7701082175631812,0.09060387313365936,6165.953764377278,2072.078001702728
38,39.0,1.05916552576209,0.7701634389550223,0.09068572521209717,6173.891699363769,2017.800445973
39,40.0,1.0604562774048463,0.7610491559755346,0.08898594975471497,6266.0761796680745,1950.4908519440796
40,41.0,1.057632133197537,0.7518524690392808,0.08817698806524277,6286.531358332199,1932.4921178607037
41,42.0,1.0482737033997178,0.770108295834119,0.08930836617946625,6186.923483128718,2074.2968340657535
42,43.0,1.043392804566336,0.7700842473475394,0.09068572521209717,6137.297759325593,2071.2810288812034
43,44.0,1.0429167637310581,0.7701128354165669,0.08995728939771652,6133.345060398686,2067.8906141695334
44,45.0,1.0420172556913927,0.7609174783717304,0.09076771885156631,6126.939105487778,2072.2812699999195
45,46.0,1.0497244102947476,0.7609897042853163,0.08995728939771652,6106.9225479075685,2107.015414299909
46,47.0,1.0519062232518257,0.7610206133628586,0.08898594975471497,6201.511471329024,1969.880706718308
47,48.0,1.056326663309842,0.7518876408918413,0.08817698806524277,6229.515003567794,1947.4445619971957
48,49.0,1.0414672148233903,0.7609331551777244,0.09060387313365936,6187.191529106814,2057.422642087098
49,50.0,1.0410028838709957,0.7609406478711894,0.09060387313365936,6111.017508413992,2061.141000505537
50,51.0,1.0404851130044386,0.7609250204018954,0.09060387313365936,6102.2207922455855,2065.5472447819775
51,52.0,1.0392121440794764,0.7609236861230657,0.08987603336572647,6094.986453297082,2066.4844508729875
52,53.0,1.0869982407359577,0.7793211776180851,0.08833643794059753,6108.456892300811,2071.7346165863382
53,54.0,1.0806073900944038,0.7884477785249362,0.08979491144418716,6386.261925652396,2111.2959573702938
54,55.0,1.0867494055373201,0.7701939103196787,0.08817698806524277,6410.006132942872,2003.9732924369127
55,56.0,1.086558905233767,0.7793981980115053,0.08655905723571777,6435.729880286242,1973.2719138549292
56,57.0,1.0774217859911137,0.7793121726736625,0.08898594975471497,6394.77398659235,2045.017110796136
57,58.0,1.0701682589269284,0.7701339848434936,0.08979491144418716,6318.795220529239,2107.9995220541896
58,59.0,1.06872401501102,0.7793046275665634,0.08898594975471497,6288.874450358606,2090.9841022475157
59,60.0,1.0599737580294928,0.7792226882117386,0.09149541705846786,6232.514195927943,2175.793751027566
60,61.0,1.0609021876744713,0.7700996925421075,0.08849646896123886,6205.437336838746,2127.5311942410335
61,62.0,1.0596781797908184,0.7792823409071941,0.09149541705846786,6215.8316374040005,2127.2813749344787
62,63.0,1.051177012969059,0.7792392635094579,0.09230511635541916,6183.54951416995,2163.231578538427
63,64.0,1.0501143867903668,0.7792211384529845,0.09392450004816055,6113.902747352258,2208.074383120227
64,65.0,1.0443456535569908,0.7700549609604539,0.09230511635541916,6109.012407365284,2189.605822634883
65,66.0,1.0435796836723814,0.7700548551466606,0.09149541705846786,6101.215659821406,2174.044057773601
66,67.0,1.041433869950444,0.7792195737881069,0.09247218072414398,6077.325565069477,2212.699186372978
67,68.0,1.0423264380827935,0.7700609840599271,0.09157814085483551,6059.01455916866,2192.731787716708
68,69.0,1.0419557832376922,0.7700887240348894,0.09230511635541916,6080.251493287884,2174.216996159288
69,70.0,1.034641962547191,0.7608824996684291,0.09303076565265656,6076.049144195917,2160.1384848371963
70,71.0,1.033443463109441,0.7700384339724975,0.09392450004816055,6013.43564979214,2237.1674092630274
71,72.0,1.0329174497809583,0.7700309093602569,0.0931989923119545,6013.013924893952,2215.6678237607703
72,73.0,1.032427234234721,0.7700351993203776,0.09230511635541916,6006.59210212066,2202.0586039124755
73,74.0,1.0256944892123414,0.7608797387229107,0.0931989923119545,5993.264516917523,2219.3553045173758
74,75.0,1.0320833299509304,0.7609072032980821,0.09230511635541916,5975.3742557470105,2201.278789179225
75,76.0,1.0319108981369152,0.7609161647923036,0.09149541705846786,6010.237528229249,2175.638961915509
76,77.0,1.0313844850644613,0.7609117393702647,0.0923885703086853,6003.659347664157,2174.701491866668
77,78.0,1.030364005884403,0.7609131914753142,0.09149541705846786,5994.659453167929,2175.701443348429
78,79.0,1.025377354176111,0.751750284396006,0.09157814085483551,5986.675153085322,2174.7326732452493
79,80.0,1.0253169236935857,0.7609106057221681,0.09311480820178986,5980.737662341562,2167.592598336574
80,81.0,1.024726663592637,0.7517639821601638,0.09149541705846786,5980.801456756832,2167.014709174051
81,82.0,1.0236789219894171,0.7517455199071479,0.09230511635541916,5966.659981759905,2177.7016013225075
82,83.0,1.0230800493568315,0.7609284634103308,0.0908498615026474,5955.191327093635,2181.3107919611502
83,84.0,1.022644747838547,0.76092850210086,0.09166102111339569,5946.269375725591,2185.216945382359
84,85.0,1.022090350109911,0.7609164504249266,0.09392450004816055,5937.488228008733,2190.1699283248745
85,86.0,1.0215154565915763,0.7609104087866884,0.09166102111339569,5930.285094463441,2190.3729960570927
86,87.0,1.0166036774510112,0.7517487180253319,0.09230511635541916,5924.003911427804,2188.8730142007116
87,88.0,1.0210170534761072,0.7609526622027099,0.09012025594711304,5921.488714723615,2190.8421270909603
88,89.0,1.0157504618642084,0.7517512384268599,0.09311480820178986,5919.207768303284,2190.9199009574368
89,90.0,1.01513351153089,0.7517502345046406,0.09222180396318436,5908.847746035084,2189.7790977246477
90,91.0,1.0147884828970244,0.7517532224947056,0.09230511635541916,5898.972967067559,2195.16986017843
91,92.0,1.0055391697840463,0.7425348780439612,0.09400942176580429,5865.0338794483105,2265.8697471405612
92,93.0,1.0041149778667153,0.7516666168956341,0.0925559401512146,5789.656191381568,2299.290832243045
93,94.0,0.998737578636572,0.7516831826277883,0.09473419934511185,5772.6566787153715,2313.0248866475304
94,95.0,0.9978437616368123,0.7516922163995335,0.09626661986112595,5758.641031324631,2315.228172629082
95,96.0,1.016196169483176,0.7517056927428845,0.09230511635541916,1800.9074669278925,
96,97.0,1.0155185431841673,0.7517134499640834,0.09230511635541916,3954.8268424536636,2218.207348359174
97,98.0,1.0142635942717386,0.7517269256461088,0.09383972734212875,5913.553310279891,2217.3482023686083
98,99.0,1.0229540025325519,0.742640774866148,0.09068572521209717,5899.742219632859,2214.8172691850014
99,100.0,1.0230958794828395,0.7426280610837769,0.09060387313365936,5925.887393594392,2124.320943152721
100,101.0,1.0136374509856285,0.7517497466167249,0.09311480820178986,5979.937105209923,2106.0251941434617
101,102.0,1.0421101009645464,0.7425711776928903,0.09076771885156631,5866.305091983057,2224.5673760417267
102,103.0,1.0415623741167765,0.7609219292771452,0.09141284227371216,5227.063339042841,2176.2397062679547
103,104.0,1.04968097005276,0.751819975552373,0.08817698806524277,6070.661371190396,2208.9732365203927
104,105.0,1.0502189671304398,0.7610090688595693,0.08744695037603378,6128.184130276728,2069.275288600398
105,106.0,1.0345139422619067,0.7517343242563445,0.08922754228115082,6171.219154387676,2043.7610565719806
106,107.0,1.0342058576064643,0.7608959262504437,0.09157814085483551,6110.982640562033,2192.4248894502016
107,108.0,1.0346718461028606,0.7609031084897571,0.09076771885156631,6011.927361486174,2228.1603163535037
108,109.0,1.0333621484101558,0.760932386866991,0.0908498615026474,6017.8336397102685,2179.8800540811644
109,110.0,1.0323499563117995,0.7608793125476507,0.09230511635541916,6018.834502603029,2195.864448744367
110,111.0,1.041169381175602,0.7609832098875348,0.09052217751741409,5978.271291262019,2251.784887231959
111,112.0,1.041413811262639,0.7609986645629547,0.08906634151935577,6033.135473301038,2108.6961502458144
112,113.0,1.0316781253648284,0.7609204982038301,0.09222180396318436,6097.2500466148485,2073.416496838254
113,114.0,1.0251245508578273,0.7517221892949988,0.08922754228115082,6068.611488131923,2138.740838314494
114,115.0,1.023763200472524,0.7608990748805626,0.0923885703086853,5959.597230473388,2238.363492155011
115,116.0,1.0230338283265104,0.7609171087661752,0.09157814085483551,5938.75725728416,2230.801351172762
116,117.0,1.0168249863240748,0.7518157855816514,0.09230511635541916,5923.710362439713,2233.7859538301127
117,118.0,1.030891669898717,0.7518771162539422,0.09149541705846786,5911.022909580468,2245.832352319063
118,119.0,1.031329276795845,0.7427294031575256,0.09060387313365936,5924.2426858758845,2169.2577521562635
119,120.0,1.021634638883802,0.7426710682737794,0.08987603336572647,6017.750367785775,2094.7913591780525
120,121.0,1.0136929867956737,0.7517977495662143,0.09375511854887009,6029.065611620143,2060.526604203187
121,122.0,1.0140506899752453,0.7517538522103021,0.09230511635541916,5871.914759531326,2271.035074044805
122,123.0,1.0074247388475122,0.7425443077282124,0.09230511635541916,5850.680031598487,
123,124.0,1.0144954747798272,0.7517693473143247,0.09464868903160095,5853.492371391272,2286.2850499057677
124,125.0,1.0212361163830534,0.7426311950343583,0.09052217751741409,5805.038970573456,2298.4409057821613
125,126.0,1.021451952124413,0.7426597803044938,0.09060387313365936,5914.607514200092,2134.336584529432
126,127.0,1.0213081491896403,0.7426430851197988,0.08914686739444733,5945.25112026016,2108.728398968582
127,128.0,1.0210868709973369,0.7426765374168212,0.08979491144418716,5950.26782607974,2100.478803539183
128,129.0,1.020821496166261,0.7426950508209483,0.09044062346220016,5951.237698184734,2088.7606820702204
129,130.0,1.0209851531120748,0.7335378046299401,0.08914686739444733,5952.316882058687,2080.1986033745925
130,131.0,1.0207928623759874,0.7335228612514026,0.08979491144418716,5954.506128915702,2072.3243163828156
131,132.0,1.0204963318712656,0.7335269661506704,0.08841638267040253,5959.116835248016,2062.0121592470678
132,133.0,1.01999324637743,0.7335409995563933,0.08914686739444733,5960.992806530907,2052.4505213980447
133,134.0,1.0159808094811242,0.7335413581608955,0.08987603336572647,5956.742932386231,2056.9812383145327
134,135.0,1.0156879607474751,0.7335245863140565,0.08898594975471497,5952.2588613249245,2057.715843867976
135,136.0,1.0155568332898595,0.7335246144550055,0.08898594975471497,5949.64977514965,2056.2163155344897
136,137.0,1.0155082828458015,0.7335517723217109,0.08752601593732834,5947.634327898093,2048.3880248265923
137,138.0,1.0154827340879053,0.733552159703213,0.08979491144418716,5948.213296046713,2052.02888550004
138,139.0,1.0159299792398835,0.7335644221957924,0.08833643794059753,5948.354548750212,2050.5916947557707
139,140.0,1.0199768808763245,0.7335944488565475,0.08906634151935577,5949.183649818937,2038.5607254002825
140,141.0,0.9974043010955367,0.7334322579075429,0.09157814085483551,5963.499097298249,
141,142.0,0.998209455084404,0.7334625570299154,0.09230511635541916,5892.125757190806,2223.006109354901
142,143.0,0.9965402093647885,0.733444163478965,0.0908498615026474,5758.854571924137,2238.2237770095235
143,144.0,0.9960214937045305,0.7426045549664213,0.09311480820178986,5765.964251432975,2240.4268760936684
144,145.0,0.9946042077873745,0.7334018371485654,0.0931989923119545,5742.838513047202,2253.395243724517
145,146.0,1.004795305155153,0.7335010482856952,0.09076771885156631,5714.400234308327,2305.1752539211884
146,147.0,1.0053419057335808,0.7335227064353551,0.08914686739444733,5768.484448031522,2151.74337631464
147,148.0,0.9892254453768154,0.733400388283529,0.09003870189189911,5848.16055038583,2115.9947109912755
148,149.0,0.98783034801796,0.733380888881573,0.09311480820178986,5819.911796028959,2187.28727033257
149,150.0,0.9952966605341488,0.7334020071826552,0.0931989923119545,5680.759231259115,2302.2377455083188
150,151.0,1.0047639526301664,0.7335266647906639,0.09141284227371216,5750.338148701565,
151,152.0,1.0049595061933825,0.7243414227406288,0.08987603336572647,5846.326986859123,2190.071260670673
152,153.0,0.9888022696116783,0.7334171742845255,0.0923885703086853,5844.519776839887,2141.229004449953
153,154.0,0.9940255990048955,0.7334337865392966,0.09174404293298721,5770.652510428707,2296.3165521285846
154,155.0,0.9943771458510681,0.733436911793555,0.09311480820178986,5685.322498556401,2311.441137340131
155,156.0,0.9938228623649807,0.7334259582721292,0.09311480820178986,5710.47983126418,2268.192080746172
156,157.0,0.9946040130171476,0.7425986793385814,0.0923885703086853,5710.573580576878,2272.0985465658305
157,158.0,1.0029173996364473,0.7335213610685225,0.09068572521209717,5702.245335490894,2278.9733689451823
158,159.0,1.003949832890729,0.7243577504018992,0.09076771885156631,5764.564688929662,2169.087474627435
159,160.0,0.9891224077913174,0.733453619427526,0.09157814085483551,5827.021256395761,2124.9951846983313
160,161.0,0.9883696080131971,0.733433329256068,0.09328334033489227,5803.662790340881,2199.037610664702
161,162.0,0.9872901233124124,0.7242581254724073,0.09311480820178986,5693.307966232242,
162,163.0,0.9883442785612961,0.7334294662252959,0.09383972734212875,5719.823863656551,2315.2853516053583
163,164.0,0.9966089387806081,0.7335205805618201,0.09230511635541916,5675.777590447309,2283.9890345782333
164,165.0,1.0028028350588283,0.7243100266015818,0.08995728939771652,5679.9485929462535,2311.3176434804627
165,166.0,1.0033508922657144,0.724314822261806,0.09060387313365936,5808.864203342964,2130.0418534950586
166,167.0,0.98706929083246,0.7333963632863625,0.0923885703086853,5836.0245008941565,2101.8712854933983
167,168.0,0.9887449288432122,0.7333857713505094,0.09230511635541916,5766.264956338709,2256.443045616965
168,169.0,0.9951140079029389,0.7426356110437746,0.09383972734212875,5681.620999044157,2264.958426848578
169,170.0,1.0035062231112297,0.7243809716138931,0.08914686739444733,5802.08633477526,
170,171.0,1.0036968849837669,0.7243876084968706,0.09133041650056839,5867.121766503289,2084.560744389717
171,172.0,1.0038726042341812,0.7243801772624894,0.09068572521209717,5846.888201286667,2069.717190896452
172,173.0,1.004058066940849,0.7244071850600546,0.08979491144418716,5851.389123927045,2063.2485961738857
173,174.0,1.0042544271517968,0.724419577910299,0.08995728939771652,5854.40592467587,2060.842737019353
174,175.0,1.0044062991518028,0.7244166559229368,0.09060387313365936,5858.812745262985,2058.108791600971
175,176.0,1.005054048345979,0.7244078535573543,0.08906634151935577,5862.829043335863,2047.531083188369
176,177.0,1.0052667051041921,0.7244288052683522,0.08898594975471497,5868.4081110772095,2047.906311761646
177,178.0,1.0053708950329325,0.7244230784033387,0.08979491144418716,5880.30087944679,2029.0165232082945
178,179.0,1.0053999395344748,0.7244017608032178,0.08906634151935577,5883.254240720882,2025.7822757591493
179,180.0,1.0057002734307585,0.7244110641314354,0.08833643794059753,5883.942039773159,2026.2354636557284
180,181.0,1.005801998591239,0.7244198691071484,0.08833643794059753,5886.239205036021,2030.141334214597
181,182.0,1.0058555735209311,0.7244214520571344,0.08898594975471497,5890.333426176803,2022.8606758712558
182,183.0,1.0058808273228719,0.7244006599224706,0.08987603336572647,5892.505328574276,2015.2202934112865
183,184.0,1.0060199504806921,0.7244847609023486,0.08898594975471497,5892.896585356444,2015.5173107371666
184,185.0,1.0059863017913575,0.7244740086839163,0.08987603336572647,5896.600648543157,2007.7674663984217
185,186.0,1.0059876019858538,0.7244773133568263,0.08825664222240448,5900.42875703075,2009.1425715825753
186,187.0,1.0059696126620699,0.7244803253795269,0.08898594975471497,5899.819447129557,2013.8300293733482
187,188.0,0.9963309572331707,0.7244086530146472,0.09068572521209717,5900.397879626078,2006.986525625165
188,189.0,0.9948217445466202,0.7335550752546296,0.09230511635541916,5892.288611961354,2024.1842610786553
189,190.0,0.994521028049694,0.733529165117217,0.09311480820178986,5752.640829832933,2199.272977927525
190,191.0,0.9883843457319411,0.7242861034987547,0.09311480820178986,5750.766375541687,2172.8359216529643
191,192.0,0.9871311328142819,0.7334566216094796,0.09230511635541916,5732.8758479824755,2206.6165299482527
192,193.0,0.9961886673958846,0.7243370002442804,0.09294687956571579,5694.248397132498,2238.0840211274335
193,194.0,1.0016267542892396,0.7243750928851778,0.08987603336572647,5679.700381637667,2244.4613477205858
194,195.0,0.9973176445996305,0.7243557347243539,0.09149541705846786,5799.525302635157,2101.1065919557586
195,196.0,0.9868966354532899,0.7334474134095406,0.09392450004816055,5825.638413797948,2074.0454704731237
196,197.0,1.0267217395243768,0.7425377299172154,0.0931989923119545,5740.6256187928375,2235.881293124403
197,198.0,1.032906028770985,0.7609332103008879,0.09149541705846786,6134.931065170502,2442.7885872917886
198,199.0,1.0343203106750487,0.7517851602791898,0.09068572521209717,5925.965098604598,2415.8825470256634
199,200.0,1.0348239152996808,0.7518154741426268,0.09133041650056839,6003.175641404345,2239.38875333099
200,201.0,1.034883663790742,0.7518155668652726,0.08914686739444733,6020.64617086931,2213.7802801863872
201,202.0,1.0347292723028745,0.7518425400613382,0.09213864803314209,6029.272256193122,2201.015231507372
202,203.0,1.034700332868783,0.7518489594966193,0.08914686739444733,6032.507700821661,2180.3439852864103
203,204.0,1.0348150427503124,0.7518639627863918,0.08987603336572647,6035.461546809733,2169.860134043309
204,205.0,1.0345752757651585,0.751843234347289,0.09060387313365936,6038.1367946104,2163.5637258216593
205,206.0,1.0341867641340197,0.7518426448943626,0.08987603336572647,6042.979724236153,2147.1579784713103
206,207.0,1.0338097562724637,0.7518824680135439,0.08752601593732834,6041.854835056249,2144.298856745285
207,208.0,1.0330899756820036,0.7518656942684087,0.08906634151935577,6041.027952966615,2133.049404102916
208,209.0,1.0328522854118536,0.7518545847250016,0.09060387313365936,6033.730942877242,2135.7679005475366
209,210.0,1.0325689512084644,0.7426830533685269,0.08752601593732834,6025.480947099306,2132.625666899403
210,211.0,1.03225089406925,0.7427165563863706,0.09124813228845596,6035.373609046743,2110.597034534556
211,212.0,1.0321311192341007,0.7426950820000895,0.08987603336572647,6024.888920351543,2119.4589061553124
212,213.0,1.0315885726791292,0.7427425377885818,0.08833643794059753,6027.891628017911,0.0
213,214.0,1.0228286943072558,0.75178788055274,0.09068572521209717,6043.564073168498,2114.4108504573232
214,215.0,1.0139823002756203,0.7517362465945636,0.0931989923119545,6020.111119195964,2066.9728305554017
215,216.0,1.0144459929584733,0.7517530042826808,0.09311480820178986,5858.611905137426,2334.025785213511
216,217.0,1.0135169611767811,0.7517519465666229,0.09528566151857376,5819.939617682918,2322.8702493556775
217,218.0,1.0071947479155545,0.7425564357781371,0.0931989923119545,5834.768899029907,2316.711679244094
218,219.0,1.0155509633060922,0.7426538091744515,0.09222180396318436,5807.3152144005,2341.1817389019416
219,220.0,1.0210814188121677,0.7426782316982475,0.09149541705846786,5792.377200739167,2329.7933580527315
220,221.0,1.0150788689413528,0.7334801671517689,0.09157814085483551,5900.822808727156,2192.500543775677
221,222.0,1.0051282810563014,0.7425639581469741,0.09392450004816055,5919.43408669834,2172.1420563658467
222,223.0,1.0045215691874045,0.7425595883775331,0.09554389119148254,5744.252635369659,0.0
223,224.0,0.9991076825610314,0.7425640391329239,0.09400942176580429,5772.096816782199,2374.1503811576404
224,225.0,0.9976109538495037,0.7425488735033702,0.09400942176580429,5743.87881659827,2366.572435645794
225,226.0,1.0070068291525534,0.7426523522867678,0.09311480820178986,5715.425609877275,2407.180538853747
226,227.0,1.0076463401746125,0.7426570271199289,0.09157814085483551,5765.351437797362,2259.826383102918
227,228.0,0.9982191781842366,0.7425383548754944,0.0931989923119545,5833.525968003378,2224.4682793238317
228,229.0,0.9958854367500491,0.7425606910277527,0.09473419934511185,5812.198675483116,2285.8082953576813
229,230.0,0.9953109274050419,0.7333840948694846,0.09554389119148254,5687.487238469359,2441.9607210042304
230,231.0,0.9898175082935713,0.7333690936579682,0.09626661986112595,5679.799981690128,2397.1339919375023
231,232.0,0.9885376187240682,0.7425231334843512,0.09490565955638885,5655.034828022181,2416.961576418893
232,233.0,0.9979857012611792,0.7426143956628323,0.09481984376907349,5639.566173184721,2450.6484268203494
233,234.0,1.0036791112971355,0.7426342736163876,0.09392450004816055,5670.816385965329,2351.761346669751
234,235.0,0.9964134268898389,0.7242545328237018,0.09149541705846786,5765.696379909234,2264.7951293374063
235,236.0,0.9868981716359936,0.7333991719122002,0.09537158161401749,5785.526145802229,2236.8090891541797
236,237.0,0.9870884784415241,0.7425380841150819,0.09617981314659119,5658.801317893784,2439.226851389976
237,238.0,0.9867313290853452,0.7425428654848427,0.09473419934511185,5604.566628580389,2442.820258892083
238,239.0,0.9863201182207895,0.7333722061340777,0.09473419934511185,5607.942778534954,2432.992406916048
239,240.0,0.9890539220983674,0.7426125953947416,0.09635358303785324,5601.176307256566,2442.648531329236
240,241.0,0.9954218229371102,0.7426160025187439,0.0923885703086853,5583.9101739346515,2477.007221807842
241,242.0,0.9956969400915286,0.7334544459491129,0.0931989923119545,5702.367887034314,2288.6849393948214
242,243.0,0.9795235689846699,0.7333915506121892,0.09554389119148254,5726.7912270674715,2264.1545971741434
243,244.0,0.9787960270717194,0.7334126370863455,0.09554389119148254,5662.366691346513,2408.883506021928
244,245.0,0.9889367651412062,0.7517164658177666,0.09635358303785324,5547.2855570302345,2488.912906086305
245,246.0,0.9966287385414311,0.7426143102474861,0.0931989923119545,5519.5334400957,2565.568284946713
246,247.0,0.9969204553538157,0.7334452522573542,0.09328334033489227,5690.053806722137,2341.7302298501636
247,248.0,0.9968583608033946,0.7334480880089214,0.09400942176580429,5732.289513218333,2302.340738111903
248,249.0,0.9968217321450881,0.7334725233068673,0.09392450004816055,5742.399742921589,2278.7947046265326
249,250.0,0.996884635532937,0.7334693933218048,0.09375511854887009,5746.525557375688,2262.998375328505
250,251.0,0.9968361942823105,0.7334619810448073,0.09230511635541916,5751.68259648393,2244.2020600974647
251,252.0,0.9968111573066131,0.7334921742086739,0.09303076565265656,5757.996074313283,2235.3430237229622
252,253.0,0.9965887635226353,0.7335075282213868,0.09166102111339569,5761.512133474593,2218.2031517181167
253,254.0,0.9963911038295699,0.7335180954973395,0.09157814085483551,5761.840967324737,2215.5625650436414
254,255.0,0.9962127681971513,0.7335025217188194,0.09230511635541916,5760.4194807928725,2207.8129063346278
255,256.0,0.9960312370518538,0.7335218627554974,0.09311480820178986,5760.8415511370695,2203.8911629033246
256,257.0,0.9959191105424616,0.733522729556863,0.09149541705846786,5759.138835656151,2203.625742323551
257,258.0,0.9958409528735543,0.7243475796278396,0.09157814085483551,5757.638945849263,2204.73516582328
258,259.0,0.9958535702850607,0.7243446951678741,0.09222180396318436,5758.3738920914475,2197.922979599156
259,260.0,0.9957174754583212,0.724356667035793,0.09230511635541916,5760.796399946412,2193.8265814746264
260,261.0,0.9956502162522823,0.7243535243673577,0.09311480820178986,5762.578244561417,2181.4392841582303
261,262.0,0.9954229014419208,0.7243086240952827,0.09068572521209717,5764.21912639885,2183.3926536510116
262,263.0,0.9789682930662583,0.7241806568431611,0.09473419934511185,5763.406879354268,2183.7363774865516
263,264.0,0.9777512249521022,0.7333359103423966,0.09481984376907349,5680.4009024696425,2356.963226078835
264,265.0,0.9775720728454733,0.7333887122490346,0.09545765817165375,5560.739545153279,2441.758040527202
265,266.0,0.9863157375121945,0.7334422449477864,0.09400942176580429,5505.146407974884,2492.444325871009
266,267.0,0.9871017937768864,0.7334771095094592,0.09166102111339569,5574.945162006421,2327.55897057167
267,268.0,0.9783507627636574,0.7242495680576956,0.09392450004816055,5666.620261291624,2277.5919658815255
268,269.0,0.9704417052615276,0.7242164436753529,0.09409449994564056,5527.412501004757,2485.5068495454034
269,270.0,0.9703653920181594,0.7333870688656914,0.09571681916713715,5497.193257456704,2483.7415265523596
270,271.0,0.9699810677212032,0.7333733596748248,0.09652797877788544,5488.365300792386,2505.428628703812
271,272.0,0.9784245319780143,0.7334359425477956,0.09554389119148254,5495.287293142115,2479.725990345527
272,273.0,0.9796393159290953,0.7334357520720434,0.09545765817165375,5480.474627205869,2522.835580102692
273,274.0,0.9852947168074363,0.7243304429415786,0.0931989923119545,5612.182223005046,2323.9030759023153
274,275.0,0.9689327047070245,0.7242070463694479,0.09788454324007034,5630.605082143564,2299.6697652205476
275,276.0,0.96834348327937,0.7242223751978148,0.09725112468004227,5563.741182411904,2464.445114275615
276,277.0,0.9682142883503887,0.7242027251944688,0.09797297418117523,5448.34901376738,2538.1778753432445
277,278.0,0.9685044631559417,0.7242254000801338,0.09725112468004227,5455.772164813825,2506.350206664705
278,279.0,0.9684786166832067,0.7241876942803269,0.09716327488422394,5444.943279304192,2537.927746429923
279,280.0,0.9778201328650258,0.7334478874520525,0.09400942176580429,5450.381019731518,2534.256012539321
280,281.0,0.9784144960654163,0.7242987184655112,0.09247218072414398,5523.618240028911,2381.729723781522
281,282.0,0.9692798785358708,0.7242103924164711,0.09563027322292328,5595.776479719789,2341.2779925757786
282,283.0,0.962305415273543,0.7241742308785708,0.09716327488422394,5596.10599105357,2351.869322107814
283,284.0,0.9625190325361124,0.7242221910122689,0.09644070267677307,5456.208886227978,2541.9433281851816
284,285.0,0.9619630370806096,0.7241998235017013,0.09563027322292328,5436.959605171694,2539.4594549088506
285,286.0,0.9610128335254235,0.7241981867621006,0.09652797877788544,5434.959608634934,2539.2093893233687
286,287.0,0.9700352374738228,0.733422221100787,0.09563027322292328,5428.178577198298,2535.9122673659585
287,288.0,0.9766201259049363,0.7242939565319111,0.09400942176580429,5403.506316969171,2569.881660711253
288,289.0,0.9711609395379545,0.7243075607791389,0.09400942176580429,5542.587598356768,2386.3547310126014
289,290.0,0.960203022157457,0.7241982102767299,0.09716327488422394,5573.307525086333,2358.5116957465652
290,291.0,0.9603708914633122,0.7242115753273812,0.09725112468004227,5473.61596158077,2535.0527325056028
291,292.0,0.9625217997267146,0.7241798784773196,0.09779628366231918,5390.334417788545,2581.5179736636346
292,293.0,0.9619549657205942,0.7333688445203599,0.09797297418117523,5380.725222868148,2620.1136867562227
293,294.0,0.9711865106879002,0.7334326477959219,0.09563027322292328,5416.177476637929,2603.441982098466
294,295.0,0.9765622594501272,0.7242788243554491,0.09400942176580429,5479.194561217577,2444.4622088616998
295,296.0,0.9766113986106715,0.7242697697827886,0.09554389119148254,5548.149627269115,2397.541745389666
296,297.0,0.9766634216549258,0.7242954681331473,0.09328334033489227,5563.1995731149145,2378.261044490493
297,298.0,0.9766857261273997,0.7242880912308638,0.0931989923119545,5568.650852771141,2367.620892322404
298,299.0,0.977403678699249,0.7243048180120206,0.09230511635541916,5571.885658517378,2356.9807146306994
299,300.0,0.9775983373972061,0.7243183566324581,0.09392450004816055,5585.964459230687,2330.340857424657
300,301.0,0.9777585751260944,0.7243335184253712,0.09149541705846786,5602.324723698679,2307.810109603568
301,302.0,0.9778448236736682,0.7243275017508302,0.09464868903160095,5609.200245459462,2297.3106375586067
302,303.0,0.9779059717720707,0.7243238809335062,0.09303076565265656,5614.341835523912,2292.9201820475864
303,304.0,0.977996177288193,0.7243487813955067,0.09456335008144379,5618.685985632648,2287.1239442545047
304,305.0,0.978002100680119,0.7243352728366984,0.0923885703086853,5621.264342145441,2277.0303082578757
305,306.0,0.9780862535758763,0.7243167355384261,0.09222180396318436,5624.608348513226,2268.4056917498237
306,307.0,0.9782530920986814,0.7244046950145051,0.09230511635541916,5626.530842524808,2268.483846284973
307,308.0,0.9785300332301125,0.7152759595414246,0.09311480820178986,5631.062217841361,2255.9688288707694
308,309.0,0.9783459544876644,0.7152445813496721,0.09157814085483551,5641.156580398849,2237.313160981197
309,310.0,0.9783354431963519,0.7152446531701451,0.0923885703086853,5640.907013280812,2243.297522040317
310,311.0,0.9681818610839451,0.7151482335015457,0.09545765817165375,5641.329386409605,2236.7352799288346
311,312.0,0.9608754365283414,0.7151149897603681,0.09635358303785324,5642.048455631331,2214.0766169588023
312,313.0,0.9609583399806172,0.7242630276990966,0.09571681916713715,5460.132082520286,2483.5384823186323
313,314.0,0.9608500606240138,0.7242916327919049,0.09571681916713715,5431.522515205608,2488.6477223568654
314,315.0,0.9600415446078494,0.7151192250315743,0.09644070267677307,5433.89736527772,2493.6320926713233
315,316.0,0.9683876294104253,0.7243466899934715,0.09481984376907349,5427.3663838474895,2495.585146818252
316,317.0,0.9700992774305741,0.72434194109852,0.09400942176580429,5398.5405260102125,2562.959990278876
317,318.0,0.9606814025743466,0.7242811731163749,0.09635358303785324,5561.169990184775,
318,319.0,0.9597800854163634,0.715108934292155,0.09716327488422394,5529.8560797549435,2483.4452021557954
319,320.0,0.9601190220193736,0.7150515618610214,0.09644070267677307,5411.585231184319,2546.2404337645858
320,321.0,0.9592152712499306,0.7150427369707597,0.09563027322292328,5416.882923207828,2508.351151339477
321,322.0,0.9531109672313358,0.7150366501490151,0.09725112468004227,5402.632656042348,2538.897594329377
322,323.0,0.9683422893701634,0.7242878593408367,0.09545765817165375,5379.476976133243,2560.5685090217157
323,324.0,0.9696408011616388,0.7243092171320953,0.09554389119148254,5416.274079406867,2456.5258767590276
324,325.0,0.962179863733083,0.7059325563701673,0.09392450004816055,5528.060522528889,2367.2939620665857
325,326.0,0.9534041720607623,0.715054500733426,0.09626661986112595,5555.468119583849,2331.1860142254154
326,327.0,0.9590403356759051,0.715053013443705,0.09626661986112595,5423.399407812569,2518.897589047323
327,328.0,0.9593704365355666,0.7150635552101698,0.09707558155059814,5386.070857800136,2526.741470468405
328,329.0,0.9590044864187866,0.7150350068037181,0.09788454324007034,5394.867723260657,2526.647833691677
329,330.0,0.9610721321654954,0.7333769829910411,0.09563027322292328,5394.070827100135,2545.3346163086244
330,331.0,0.9687960687204022,0.7242397292697229,0.0931989923119545,5390.086542867997,2546.9126496032113
331,332.0,0.969519399411128,0.7151016128907637,0.09609316289424896,5503.88831693487,2386.9031158363796
332,333.0,0.9596849939589831,0.7149861780435189,0.09464868903160095,5546.1399455689825,2347.4202416001935
333,334.0,0.958761632844569,0.7149825317001463,0.09716327488422394,5501.342825622356,2455.5553273110418
334,335.0,0.958860179591915,0.7149943258618514,0.09635358303785324,5398.3054889305495,2543.381578903587
335,336.0,0.953386023923382,0.7150457293564473,0.09707558155059814,5389.383270020771,2538.4287244913867
336,337.0,0.9528632917865418,0.7242191880448542,0.09635358303785324,5388.914671679318,2548.443853048375
337,338.0,0.9603535296015113,0.7151322427653202,0.09563027322292328,5373.492234405479,2565.3026365742553
338,339.0,0.952136519573564,0.7242163100436987,0.09644070267677307,5399.132942218683,2495.386041145539
339,340.0,0.9515682014486117,0.7150049453820387,0.09788454324007034,5379.023307757103,2599.0674051117385
340,341.0,0.9596374349007893,0.7241829482853576,0.09652797877788544,5334.366777573363,2624.2699791508494
341,342.0,0.9592289368485695,0.7242087459437019,0.09644070267677307,5313.383217354793,2684.0815785149143
342,343.0,0.9533217486646101,0.7241918748134987,0.09716327488422394,5381.850857280455,2603.5206682435455
343,344.0,0.962193090695889,0.7242723783543333,0.09563027322292328,5358.881874588205,2626.4416742882277
344,345.0,0.967648057837092,0.7242740226933312,0.09481984376907349,5406.726780480196,2490.9302684089635
345,346.0,0.9679039107231974,0.7151413265978777,0.09481984376907349,5478.760434560369,2442.6975939784606
346,347.0,0.9680513533736592,0.715136206724849,0.09635358303785324,5495.651945462923,2417.4457834117275
347,348.0,0.9681374592300501,0.7151370271200361,0.09481984376907349,5505.323053073807,2402.5737970557384
348,349.0,0.9682880347580802,0.7151471208782789,0.09400942176580429,5511.715729455333,2392.7460270238807
349,350.0,0.9693557273680014,0.6967794027840304,0.09311480820178986,5521.826106320354,2375.746622046092
350,351.0,0.9713428124242277,0.7243177318162382,0.09392450004816055,5151.735320945745,2388.0660136899423
351,352.0,0.9774094130217554,0.7151593380338828,0.0923885703086853,5551.528944772528,2330.300921873826
352,353.0,0.9777853189542488,0.7243238590435357,0.09311480820178986,5597.954643153098,2274.81913222621
353,354.0,0.9689928951847727,0.7242688129400771,0.09328334033489227,5610.939934332622,2277.5539109897436
354,355.0,0.9689238996501304,0.7242735308191884,0.09336783736944199,5567.110551079044,2377.784386356325
355,356.0,0.9701719465308652,0.7150982515167327,0.09473419934511185,5500.355830596767,2414.971036435956
356,357.0,0.9712987157423145,0.7151377766755014,0.09392450004816055,5512.497345084848,2394.955952692675
357,358.0,0.971200073231132,0.7151436677385145,0.0931989923119545,5552.216410738343,2345.6917859584064
358,359.0,0.9778180721944113,0.7243561301735735,0.0923885703086853,5571.702487739385,2316.817434870871
359,360.0,0.9782104082366423,0.7151840537681728,0.09392450004816055,5587.016391599391,2277.507581925267
360,361.0,0.9714821772350183,0.7059825568278985,0.09392450004816055,5623.049561394801,2257.7585337376804
361,362.0,0.9695559975532383,0.7151222764370819,0.09400942176580429,5630.990838353799,2246.524807879672
362,363.0,0.9694213724737814,0.7151192972467394,0.09545765817165375,5541.685807482543,2367.753538732446
363,364.0,0.9707512392896198,0.724316212639149,0.09545765817165375,5521.434862899303,2381.4407886539702
364,365.0,0.9707291552413696,0.7243342430321829,0.09400942176580429,5549.780433599633,2324.536056633311
365,366.0,0.976093575812211,0.72433889340247,0.09473419934511185,5563.812615760107,2329.364368216862
366,367.0,0.9771141952541974,0.7243453239550771,0.0931989923119545,5552.092993986153,2344.0819548122236
367,368.0,0.9772564212953591,0.724364045556726,0.0931989923119545,5593.771502435295,2285.292405201879
368,369.0,0.9687844771360773,0.7151288142522635,0.09473419934511185,5609.617223733454,2268.5717907658254
369,370.0,0.968666313439211,0.7151227976655709,0.09690067172050476,5568.662613981811,2360.692277387803
370,371.0,0.9684567255558265,0.7151107528910524,0.09626661986112595,5509.92069109506,2393.2224321286776
371,372.0,0.968143925483163,0.7151194922730797,0.09563027322292328,5514.671772800939,2374.2541756773426
372,373.0,0.9623797058027724,0.7151406522506628,0.09635358303785324,5508.124584672129,2390.0820559315034
373,374.0,0.9700123225574017,0.7243426315321251,0.09563027322292328,5494.374609378399,2404.3472703212756
374,375.0,0.9708125423166657,0.7151688470807067,0.09473419934511185,5503.265562836081,2364.662634675333
375,376.0,0.9688127415430069,0.7059945551895175,0.09311480820178986,5567.05421426869,2310.9772676851135
376,377.0,0.9619879187419949,0.7151053071472901,0.09490565955638885,5579.023962707259,2291.7121311454102
377,378.0,0.962446473822264,0.7151087628355965,0.09490565955638885,5497.203222196142,2413.0970904434216
378,379.0,0.9677940126658239,0.715124283906401,0.09481984376907349,5479.468322392786,2409.441162930918
379,380.0,0.9682733872135955,0.7151348404006089,0.09481984376907349,5496.312624898332,2386.1448518093675
380,381.0,0.9685214457969706,0.7151500232034611,0.09626661986112595,5507.375307726674,2368.4896555132
381,382.0,0.9702553778217688,0.7151676247090488,0.09481984376907349,5507.907328000991,2392.3167539165006
382,383.0,0.970625839312023,0.7152054474916043,0.09392450004816055,5556.7256246851175,2303.7429888521438
383,384.0,0.9707747748883538,0.7152100909908038,0.09392450004816055,5579.649103956064,2285.1189922564663
384,385.0,0.9708607553296966,0.7152078426076027,0.09554389119148254,5587.869072030939,2266.916419033252
385,386.0,0.9708553034224966,0.7152238107149265,0.09303076565265656,5593.557426779531,2264.072737000475
386,387.0,0.9759605251164475,0.7060772532256712,0.09464868903160095,5595.154410025396,2259.9010395468795
387,388.0,0.9761834997105076,0.7152361840768777,0.09456335008144379,5598.808438081585,2253.995546467544
388,389.0,0.9762742101337604,0.7152269659962605,0.0931989923119545,5613.575595834176,2233.5430047268164
389,390.0,0.9762731342443235,0.7152362839861466,0.0931989923119545,5618.076787290571,2225.277747738757
390,391.0,0.976280534366117,0.7152423340622884,0.09303076565265656,5620.905359587225,2218.1372901680297
391,392.0,0.9760725544321923,0.7152438525093836,0.09230511635541916,5623.077329889231,2213.106331827061
392,393.0,0.9761205382987658,0.7152254937318262,0.0923885703086853,5621.999223444669,2201.8883157933014
393,394.0,0.9760217205064491,0.715251384412483,0.09166102111339569,5623.483876707614,2210.543839717575
394,395.0,0.9760316838624249,0.7152334341039087,0.09311480820178986,5621.518104718358,2211.700165289105
395,396.0,0.9760494030120499,0.7152440337533423,0.09311480820178986,5621.562420878268,2209.4505964041455
396,397.0,0.9759930599790423,0.715224540755729,0.09456335008144379,5624.250520693953,2203.2476618752116
397,398.0,0.9758076675791776,0.7060739987873234,0.09311480820178986,5623.985484693316,2203.200858526863
398,399.0,0.9678377252775308,0.7151591607390605,0.09409449994564056,5623.610442169476,2200.888183218427
399,400.0,0.9810616772228468,0.7060082613557532,0.09303076565265656,5592.875177209615,2256.7735161572928
400,401.0,0.9800405267648649,0.7060080239534203,0.09141284227371216,5425.9731677367745,2335.2876056386904
401,402.0,0.9807073778075596,0.7151595395633678,0.09392450004816055,5691.439836257428,2230.429540606361
402,403.0,0.9884020126511398,0.7060791723933357,0.08849646896123886,5648.439411055671,2252.0538302401
403,404.0,0.9891694667078306,0.715263849397993,0.09068572521209717,5703.933542565479,2160.278505239621
404,405.0,0.9808050244157939,0.7151820576427873,0.09157814085483551,5739.359929923543,2150.6235477553564
405,406.0,0.9800572007284393,0.715170053126857,0.09383972734212875,5716.735122879421,2215.931103792551
406,407.0,0.9803666482806253,0.7151778034410774,0.09375511854887009,5642.362837202483,2283.1476939526037
407,408.0,0.9800805880592611,0.7151773761080155,0.09311480820178986,5648.690799249278,2255.976549957006
408,409.0,0.9789817769928428,0.7243195702261143,0.09311480820178986,5647.769193860469,2264.2889005077886
409,410.0,0.9866677697312971,0.7152450278727117,0.09303076565265656,5631.643527606604,2291.444537901538
410,411.0,0.9871378162588823,0.7152297424756489,0.09230511635541916,5638.659244039183,2244.5731490439503
411,412.0,0.9860458729678183,0.7060529843920443,0.09230511635541916,5701.700888392166,2189.9346871972957
412,413.0,0.9776592175893822,0.7151435992074926,0.09383972734212875,5710.546723723091,2174.826223823329
413,414.0,0.9778880856673615,0.7151715483738159,0.09400942176580429,5630.26908072576,2304.5375990614993
414,415.0,0.9778552235098363,0.7151805375217365,0.09545765817165375,5585.016611199884,2323.7873067584005
415,416.0,0.9694574611227151,0.7242736417214815,0.09400942176580429,5608.974079381209,2287.382212382043
416,417.0,0.9696243622023575,0.7242705049127612,0.09644070267677307,5557.251307936414,2391.5659254380735
417,418.0,0.9779205622333085,0.724377616741829,0.09311480820178986,5474.231260440429,2494.157355791569
418,419.0,0.978439555826711,0.7152188549568443,0.09157814085483551,5576.223744356481,2284.5865367556107
419,420.0,0.9687510210821922,0.724332318529177,0.09707558155059814,5625.946901686868,2251.4791915084643
420,421.0,0.9610661626068885,0.7242923988615967,0.09806155413389206,5580.134097860428,2356.551459825103
421,422.0,0.9605962238147504,0.7151235253528408,0.09716327488422394,5449.6685503021,2520.312949076353
422,423.0,0.9683040759161757,0.7151398039146513,0.09481984376907349,5377.121436349524,2585.3760435899603
423,424.0,0.9694006607354979,0.7151980309409164,0.09481984376907349,5417.340032117092,2459.6917200523894
424,425.0,0.9698449694398528,0.715194415638427,0.09383972734212875,5537.285825129657,2326.7417110761744
425,426.0,0.9699426232208518,0.7152175898833162,0.0923885703086853,5573.993265513098,0.0
426,427.0,0.9702362325514932,0.7059986230863896,0.0923885703086853,5594.993857962836,2297.8984757032013
427,428.0,0.9705387715921311,0.7060216401561858,0.0931989923119545,5584.1513980547315,2258.9168576272787
428,429.0,0.9705435205997377,0.7060158121926123,0.0923885703086853,5597.917704047402,2230.1057596893515
429,430.0,0.9703053106265482,0.7060339558958664,0.09311480820178986,5604.65480238141,2217.1374294018606
430,431.0,0.9695138532990883,0.7060127758722302,0.09383972734212875,5607.484283055412,2211.088168375718
431,432.0,0.9692293454990673,0.7060126158514446,0.09464868903160095,5590.093553208164,2235.4808870691922
432,433.0,0.968956321089802,0.7060178524294182,0.09464868903160095,5582.155657063238,2239.1218181783915
433,434.0,0.968709792299634,0.7060351911286747,0.09392450004816055,5578.749401911395,2238.793252783711
434,435.0,0.9686266159561472,0.7060276328975323,0.09311480820178986,5574.827777297993,2238.1997552274843
435,436.0,0.9684963017784867,0.7060200141421342,0.09392450004816055,5573.419926320377,2232.13741309382
436,437.0,0.9683731892546965,0.7060236009593864,0.09400942176580429,5572.984916569083,2230.2156850800966
437,438.0,0.9682104969326253,0.7060290756064598,0.09456335008144379,5573.720429191773,2223.950527302397
438,439.0,0.9680627345389531,0.7060130577241226,0.09392450004816055,5572.22022706148,2223.169219803589
439,440.0,0.9506776309663554,0.7058945571464594,0.09563027322292328,5569.502129972971,2224.419824294804
440,441.0,0.9442161477203319,0.7150393649397546,0.10031143575906754,5463.400380898907,2447.4715365242446
441,442.0,0.9420542321756972,0.6967323674341559,0.09932318329811096,5318.23641481658,2567.844309850305
442,443.0,0.9416969048419513,0.6967535197644014,0.09860451519489288,5307.030292521347,2596.765432141081
443,444.0,0.9350995822020318,0.7059122822268636,0.09806155413389206,5259.4994935295545,2592.2970994249918
444,445.0,0.9513069707715761,0.7151747732657996,0.09473419934511185,5241.32733938715,2620.561841018498
445,446.0,0.9526756706121019,0.7060478433337238,0.09609316289424896,5302.000978940865,2469.2086158484453
446,447.0,0.9442774319894062,0.7059133865785826,0.09716327488422394,5418.195636532269,2374.7734093443723
447,448.0,0.9433459961262561,0.7059092626309773,0.09797297418117523,5274.43643492834,2780.638292994822
448,449.0,0.9503787172055562,0.7242966615385216,0.09878266602754593,5302.4828148123615,2632.9370585804572
449,450.0,0.9527774839377957,0.7151777724222939,0.09473419934511185,5241.966554797167,2711.576108798119
450,451.0,0.9531486625872516,0.7060383414455315,0.09770817309617996,5386.130181688903,2445.3653423595897
451,452.0,0.9419817870182252,0.7059210654590544,0.09797297418117523,5423.944937537155,2407.116265584482
452,453.0,0.9345537004238544,0.7058805304662423,0.09652797877788544,5347.178613532247,2575.703515366433
453,454.0,0.933766616361746,0.7058819434187957,0.10102921724319458,5223.09131215766,2689.294723567684
454,455.0,0.9334888738043081,0.6876306435280609,0.09409449994564056,5192.748192588042,2697.4040121996804
455,456.0,0.9258153493614463,0.687598102545468,0.09716327488422394,4292.149577586344,
456,457.0,0.9320645343697624,0.6967410381774896,0.09797297418117523,993.0583889563648,2447.7613261504584
457,458.0,0.934399145506472,0.7151319203674285,0.09580351412296295,5248.003820240367,2519.886560336681
458,459.0,0.9428251629732505,0.7060034231092904,0.09473419934511185,5182.506133676496,2567.0884461139794
459,460.0,0.9440757753521501,0.6968303177261372,0.09490565955638885,5168.144959732486,2643.508684457862
460,461.0,0.9341702198609231,0.7059181618136345,0.09652797877788544,5305.42944338989,2436.531853063585
461,462.0,0.9329054560370239,0.7059108174747678,0.09887197613716125,5351.383767974163,2402.85916035789
462,463.0,0.9327883937913083,0.7058891055111852,0.09878266602754593,5290.2108077304,2571.15110104451
463,464.0,0.932048035436184,0.7059000284460976,0.09806155413389206,5181.111379399124,2703.132457644213
464,465.0,0.9258986505454213,0.705880935947286,0.09733913838863373,5181.941803482492,2672.522581549856
465,466.0,0.9351601874986786,0.715124393315706,0.09661541134119034,5159.502789028076,2716.007405371449
466,467.0,0.9415537702190951,0.7060115065064938,0.09554389119148254,5147.707931132842,2710.4288528580655
467,468.0,0.9408928557446545,0.6968015576339814,0.09409449994564056,5162.255017292235,2673.932350646035
468,469.0,0.9259181784966103,0.7058989768043551,0.09887197613716125,5280.963047123776,2519.2173898215697
469,470.0,0.925919731108561,0.7059168321624794,0.10031143575906754,5311.215161341504,2480.5644511854625
470,471.0,0.9246494483030581,0.705897426001263,0.09887197613716125,5207.628927427519,2661.680271458201
471,472.0,0.9240650792589392,0.7058605525488297,0.09959235787391663,5126.053120268887,2765.0216556631203
472,473.0,0.9239050230894398,0.7058944179192301,0.10112039744853973,5127.143600101001,2748.631390368333
473,474.0,0.9328508523522187,0.7059699623180565,0.09635358303785324,5099.723755642655,2782.800790130452
474,475.0,0.933658976525035,0.6968087185596885,0.09725112468004227,5074.991710424394,2828.033885638899
475,476.0,0.924349441794663,0.6967388842833249,0.09896145761013031,5164.552652895101,2635.6673234876944
476,477.0,0.9234686159555783,0.6967253235989839,0.09878266602754593,5233.258344656526,2578.294121060084
477,478.0,0.9239472577735877,0.6967380936941647,0.09878266602754593,5251.682329539268,2521.338734180463
478,479.0,0.9236280801195623,0.6967436434027974,0.09869350492954254,5100.474019395217,2767.2739646574482
479,480.0,0.9234251360072399,0.6967752686289826,0.09797297418117523,5117.756168608816,2711.867240229767
480,481.0,0.9254166010685019,0.6967862907931641,0.09725112468004227,5126.5377982213395,2703.1959768292145
481,482.0,0.9320799531243443,0.6968228545389841,0.09716327488422394,5119.819407253875,2719.6016944766743
482,483.0,0.9323381552472977,0.696830417920254,0.09554389119148254,5097.209893899446,2766.118142458319
483,484.0,0.9167849167819597,0.6967624726986212,0.09950247406959534,5208.025047486939,2581.0917220775736
484,485.0,0.9168064577423998,0.6967691021789726,0.09725112468004227,5230.387594630476,2549.937575171294
485,486.0,0.91680596066936,0.6967688045054821,0.09797297418117523,5180.698035162815,2664.884130738792
486,487.0,0.9168177293715797,0.6967857193157229,0.09887197613716125,5106.08426244423,2707.601610474172
487,488.0,0.9157667529602249,0.6875983212893118,0.09797297418117523,5112.0220324716065,2687.4616406187997
488,489.0,0.9243561564604146,0.6968153770908623,0.09725112468004227,5110.613547165005,2695.005885908089
489,490.0,0.9250413392234573,0.696847751427629,0.09716327488422394,5099.459620923561,2700.2111945634824
490,491.0,0.9252684101817492,0.6968578560294142,0.09716327488422394,5114.958419653121,2632.8275669227587
491,492.0,0.9252484095059378,0.6968359903671674,0.09698805212974548,5191.482022926735,2572.390130917658
492,493.0,0.9251909495991286,0.6968459198749134,0.09563027322292328,5202.311101833009,2556.468845556432
493,494.0,0.9250848281141208,0.6968402087207534,0.09635358303785324,5210.155488442455,2546.3127409106237
494,495.0,0.9250142898503677,0.6968465846633947,0.09563027322292328,5211.280786718766,2547.625855200051
495,496.0,0.924757515435093,0.6876809613339951,0.09554389119148254,5213.875193655724,2534.07960703742
496,497.0,0.9248037827599048,0.6876935764772449,0.09481984376907349,5222.828954836063,0.0
497,498.0,0.9243890453041488,0.6877054560889311,0.09481984376907349,5222.111112653452,2510.3794920177897
498,499.0,0.9243072682878045,0.6877011443956674,0.09554389119148254,5222.454862155893,0.0
499,500.0,0.9241234222805138,0.6785259479878015,0.09400942176580429,5242.939193331113,2554.0334269860177
500,501.0,0.9235459475855844,0.6877010233030268,0.09545765817165375,5217.768097316788,2508.5945221239235
501,502.0,0.9233515326732314,0.6876875538281546,0.09698805212974548,5215.049076132127,2505.143778355792
502,503.0,0.9168325713486026,0.6876259222653843,0.09716327488422394,5203.9709733393975,2513.7211609424558
503,504.0,0.9160386635995971,0.6876093032166606,0.09779628366231918,5195.202876738156,2525.9864434212213
504,505.0,0.9168403568897548,0.6967922796840567,0.09725112468004227,5078.290905459355,2754.08624654313
505,506.0,0.9237143102418054,0.6876729067060092,0.09716327488422394,5136.711597003312,2629.7140570832016
506,507.0,0.9237202234030416,0.6876871580203412,0.09635358303785324,5080.711553624216,2691.6340017840594
507,508.0,0.9144200852630671,0.687601694491711,0.09788454324007034,5168.106433295936,2542.0467311093453
508,509.0,0.9076129937589166,0.6875860956655288,0.09959235787391663,5190.5767906108595,2515.422916961812
509,510.0,0.9076300997046505,0.6875926671495736,0.09878266602754593,5137.764488087269,2617.1525195301365
510,511.0,0.9070266977071859,0.6876513907595273,0.09797297418117523,5054.0879303166,2695.3682568291115
511,512.0,0.9063550209562089,0.6876435981879978,0.10031143575906754,5047.228212181857,2683.525073663317
512,513.0,0.9140815915689274,0.6877069698895635,0.09878266602754593,5041.7752043866785,2676.212876166086
513,514.0,0.9146963603114798,0.6876914156446592,0.09716327488422394,5023.962748294798,2704.6962852590805
514,515.0,0.9148759994627612,0.6876726943732215,0.09635358303785324,5016.00978305169,2702.4952752403187
515,516.0,0.9052564973436653,0.6876002192360342,0.09797297418117523,5102.2017842265195,2598.5924348983826
516,517.0,0.8984545469799825,0.6875848309996542,0.09878266602754593,5116.499531801441,2595.686841069866
517,518.0,0.898388194562069,0.6875442348740958,0.10112039744853973,5054.761971487111,2721.3995708077273
518,519.0,0.8980343924101388,0.6783823195669391,0.10031143575906754,4981.0259599684505,2760.1638399455696
519,520.0,0.8982338877908698,0.687546040533592,0.09869350492954254,4985.401293597941,2731.4462060330843
520,521.0,0.9061463835558251,0.6875795175332297,0.09725112468004227,4971.667119193153,2752.723366824386
521,522.0,0.906467443691352,0.6784405232964835,0.09563027322292328,4960.292329185671,2754.7734660023416
522,523.0,0.905123859307938,0.6692397718675429,0.09941275417804718,4994.3863325768325,2698.6987497978553
523,524.0,0.8967711467352302,0.6783885440691324,0.09869350492954254,5054.299168720201,2643.7475971830427
524,525.0,0.8892238896831482,0.6692120211088992,0.09806155413389206,5061.780435610126,2631.6854471014813
525,526.0,0.8966240641970747,0.6783792908079264,0.09959235787391663,4972.151897801057,2757.6483577297768
526,527.0,0.889222105649244,0.6692208135393576,0.09896145761013031,4920.588697936386,2815.396819230169
527,528.0,0.8887756449398576,0.6783702474091448,0.10022098571062088,4928.9644822585105,2757.6796618840017
528,529.0,0.898138402525078,0.6784313113844496,0.09851568192243576,4936.761743673647,2778.7883592756116
529,530.0,0.8984679465401729,0.6784405490400436,0.09733913838863373,4892.742397869704,2817.443282570457
530,531.0,0.8958615610550399,0.6783932496253128,0.09806155413389206,4937.45118659595,2711.4517382540507
531,532.0,0.8880015543759625,0.6783646216903039,0.10102921724319458,5003.546280464856,2679.1373950237758
532,533.0,0.8888992068066747,0.6692071469774079,0.10022098571062088,5017.4219666662975,2607.9194985024515
533,534.0,0.8888003225671569,0.6692272118887762,0.10031143575906754,4891.590061078954,2818.771469377214
534,535.0,0.8882005232731717,0.6692136955401874,0.09887197613716125,4877.310141934315,2797.772410301375
535,536.0,0.8888139653845244,0.6875594482409185,0.09950247406959534,4897.619494406856,2795.3795588525827
536,537.0,0.8961203372084978,0.6784216319696339,0.09806155413389206,4895.76223810605,2790.2706508816336
537,538.0,0.8961984699016766,0.6784167095842544,0.09644070267677307,4869.527858862188,2824.162227646855
538,539.0,0.8963604228993981,0.6784590154284891,0.09788454324007034,4940.733773903106,2711.120269757521
539,540.0,0.8963600267750816,0.6784300048504148,0.09860451519489288,4968.46899106924,2687.7310454974067
540,541.0,0.8962243458775377,0.669271475130888,0.09733913838863373,4979.970481059805,2660.622709781688
541,542.0,0.8964795895345674,0.6692787547111073,0.09707558155059814,4985.861239836377,0.0
542,543.0,0.8965879042198213,0.6692989454224045,0.09707558155059814,5014.454782562796,2722.856461248535
543,544.0,0.8965998325536425,0.6693068047934421,0.09716327488422394,4990.5186336768675,2649.6236831118586
544,545.0,0.8965876427006713,0.6692925444742799,0.09554389119148254,4995.206316645723,2637.4680059116217
545,546.0,0.8966440394375775,0.6693205143363142,0.09563027322292328,5000.90990830923,2624.187103832548
546,547.0,0.8967423014501308,0.6693157974356048,0.09707558155059814,5002.552879930765,2619.294873635925
547,548.0,0.89646879345817,0.6693023756463279,0.09635358303785324,5004.534299737774,2610.7970444699167
548,549.0,0.8964741879303488,0.6693039225748835,0.09788454324007034,5009.76907069399,2605.2043365312857
549,550.0,0.8964430901498783,0.6692994777893253,0.09617981314659119,5013.3965996603365,2588.626648321806
550,551.0,0.8965010574539296,0.669307299026176,0.09554389119148254,5010.272098514368,2588.2362311085453
551,552.0,0.8799889946072832,0.6691588359822936,0.09878266602754593,5014.053769507213,2578.1095217668917
552,553.0,0.8791704763223276,0.6600047411987235,0.0997726172208786,5016.304307970568,2573.987020536093
553,554.0,0.879718458279799,0.6783899307601906,0.10112039744853973,4796.103273841443,3017.812182847316
554,555.0,0.8873633462480258,0.6692410915618798,0.09869350492954254,4825.071392089543,2869.268371896993
555,556.0,0.8875856227204881,0.6692499810774283,0.09644070267677307,4772.322064431486,2884.9398609748096
556,557.0,0.8788700494092774,0.669220607693152,0.09959235787391663,4866.042470482309,2745.4304382621413
557,558.0,0.8781693226667584,0.6600394649563799,0.09959235787391663,4898.093292565347,2712.526375552625
558,559.0,0.8779736418512609,0.6600213022222614,0.0997726172208786,4877.9222754651055,2757.6309326481714
559,560.0,0.8782173481973679,0.6692162964944832,0.09887197613716125,4785.603756190598,2851.4719886768435
560,561.0,0.8779974435933913,0.6692266366499534,0.09959235787391663,4789.962975179398,2826.86341786485
561,562.0,0.8790284932879688,0.660092930623609,0.09959235787391663,4792.1819900876435,2819.9731533164886
562,563.0,0.8801227263721725,0.6692698353093209,0.09878266602754593,4797.839059191523,2815.129559599867
563,564.0,0.8801037669185554,0.669239921929206,0.09959235787391663,4791.807560168178,2840.8321627542464
564,565.0,0.8708941597124589,0.6600486400202225,0.09887197613716125,4857.9227554437675,2732.4010513088288
565,566.0,0.8699940545265671,0.6600456526751182,0.09968240559101105,4871.891737448168,2721.8858522704395
566,567.0,0.8703633263802995,0.6600502541684787,0.09878266602754593,4829.500956966367,2816.255163541966
567,568.0,0.8701878706854553,0.6600383035578277,0.09878266602754593,4765.7304022135795,2836.363834676682
568,569.0,0.8697258949533608,0.6600594429757579,0.09959235787391663,4754.590413033962,2835.9264745127
569,570.0,0.870946236808923,0.6600898837564335,0.09869350492954254,4770.544222349854,2815.7245305521355
570,571.0,0.8709557174148721,0.6600948895225516,0.09797297418117523,4755.920305420004,2840.661694495502
571,572.0,0.877689630401671,0.6600861109477328,0.09950247406959534,4750.21757587188,2850.5690987549897
572,573.0,0.8617313998793577,0.6508857167805724,0.09968240559101105,4814.955182907084,2749.494857302605
573,574.0,0.8612305118330402,0.6508717579163377,0.10049282759428024,4821.58121934894,2741.7766473940865
574,575.0,0.8612645791204068,0.6508717178360417,0.09959235787391663,4771.502346194204,2847.490215226746
575,576.0,0.8606973079870369,0.6508833646404055,0.09968240559101105,4697.091514030297,2889.299516449799
576,577.0,0.8602808549868367,0.6508673571022725,0.09823919832706451,4692.762879960937,2863.675550285523
577,578.0,0.8692612167651785,0.6509075240223009,0.09797297418117523,4687.107723125606,2877.6129045154667
578,579.0,0.870103303003599,0.6601181231649832,0.09806155413389206,4671.044992087234,2891.081409712613
579,580.0,0.8704363771195398,0.6601080663781438,0.09707558155059814,4674.185661036172,2886.724698509439
580,581.0,0.8605597378634932,0.6417225586857809,0.09725112468004227,4808.035459972743,2719.262044595962
581,582.0,0.8610947938759624,0.6509081297507122,0.09878266602754593,4772.049962541438,
582,583.0,0.861596158106132,0.6417668311557941,0.09806155413389206,4756.563654038298,2905.521078432852
583,584.0,0.8614760473161973,0.6417562179212509,0.09806155413389206,4705.610922305088,2837.835234122642
584,585.0,0.8689585426796664,0.6509450424765468,0.09860451519489288,4729.893192821415,2777.805720321252
585,586.0,0.8702070590081087,0.6509650554818394,0.09716327488422394,4739.268361267517,2767.0096051239525
586,587.0,0.8706948799608778,0.650989619998265,0.09635358303785324,4733.5806704175775,2770.1810921171564
587,588.0,0.8708361683702955,0.6509680320016714,0.09635358303785324,4810.0841930963215,2670.045158818655
588,589.0,0.8708611521598901,0.6509679018416713,0.09473419934511185,4838.553945585329,2643.030715244822
589,590.0,0.8709606776333947,0.650985291165102,0.09635358303785324,4848.6328609687625,2630.062844808097
590,591.0,0.8710032088204864,0.6418237742232574,0.09563027322292328,4855.211342196155,2608.3898729361244
591,592.0,0.8709043729113483,0.6418253592715769,0.09707558155059814,4857.4461451373645,2611.954298381752
592,593.0,0.8708347307129446,0.6418163399530874,0.09707558155059814,4861.509126866062,2603.048417690152
593,594.0,0.8707650803565102,0.6418146471695767,0.09563027322292328,4863.42974029365,2594.752180162177
594,595.0,0.870702103300127,0.6418142082174968,0.09563027322292328,4866.150895614119,2584.533911077655
595,596.0,0.8705803666421115,0.6418270608848308,0.09698805212974548,4866.979536590283,2567.081263550499
596,597.0,0.8704184315053668,0.641824071312166,0.09707558155059814,4867.6361967388075,2574.6906931032427
597,598.0,0.8702349964109853,0.6418270576330297,0.09626661986112595,4867.105179312406,2573.7690156944445
598,599.0,0.869943074124728,0.6418467446611322,0.09635358303785324,4864.730788116227,2563.738143835624
599,600.0,0.870696448500726,0.6326175887776293,0.09481984376907349,4863.168666697049,
600,601.0,0.8693876243518259,0.6417730663045235,0.09554389119148254,4898.980636742199,2644.049574116012
601,602.0,0.8617895495702236,0.641766910873121,0.09725112468004227,4779.426185774216,2719.355361822304
602,603.0,0.8705769624891513,0.6418236296141444,0.09707558155059814,4845.237072905651,2615.810061695449
603,604.0,0.8704979080569815,0.6417938077510018,0.09635358303785324,4793.393653149567,2632.3717102057817
604,605.0,0.8618109441131021,0.6417975399701057,0.09635358303785324,4827.351467424323,2532.8621723280594
605,606.0,0.852652081219955,0.6326145578754022,0.09860451519489288,4866.963263380036,2525.8944919785063
606,607.0,0.8526913009051048,0.6326446808373963,0.09806155413389206,4870.370657564403,2494.660846066945
607,608.0,0.8527118500700475,0.6418229060883309,0.09725112468004227,4770.743638699765,2616.091657966943
608,609.0,0.852707437800616,0.6326546881009711,0.09788454324007034,4716.5049198089255,2646.5440393868776
609,610.0,0.8525214654294573,0.6326657099143247,0.09788454324007034,4726.849222964447,2628.794436853641
610,611.0,0.8619547920116238,0.6418841795012289,0.09707558155059814,4732.381104889864,2618.685583470782
611,612.0,0.8686938645226849,0.6418627947762605,0.09481984376907349,4710.271066234054,2639.9662852436886
612,613.0,0.8607469795713405,0.6235259428075437,0.09554389119148254,4761.211682533467,2521.7225330692163
613,614.0,0.852285921751575,0.6326584387559631,0.09554389119148254,4839.449629796101,2499.9112916137383
614,615.0,0.8517866496422564,0.6326699655142813,0.09716327488422394,4848.779373955564,2478.7875991274486
615,616.0,0.852232050006164,0.6326499971691509,0.09635358303785324,4762.319992795936,2574.796568570251
616,617.0,0.8515858777765214,0.6326567045927646,0.09661541134119034,4708.959626165859,2619.654599404661
617,618.0,0.8512696212519869,0.632655303821334,0.09725112468004227,4712.0689461641305,2588.48387799834
618,619.0,0.8602295248121531,0.6418676782877561,0.09617981314659119,4711.850541968684,2607.7174220379384
619,620.0,0.8607588978638341,0.6326911683064098,0.09707558155059814,4697.897117438406,2620.6385940825858
620,621.0,0.8600875589972091,0.6327183434219232,0.09635358303785324,4732.617235692247,2537.9719070664432
621,622.0,0.8435493269535687,0.6326656351591697,0.09707558155059814,4807.4350442713185,2481.349506024213
622,623.0,0.8422452574033645,0.6234857617024459,0.09725112468004227,4819.0765790929145,2475.552868344297
623,624.0,0.8704637355731691,0.6236088788806211,0.09392450004816055,4762.384349254484,2565.1724179315206
624,625.0,0.8598845961393404,0.6144398882667966,0.09617981314659119,4663.710465660319,2599.623560630105
625,626.0,0.8333051746315975,0.6143322490335292,0.09941275417804718,4636.225553598779,1628.0320768917445
626,627.0,0.8159950423027856,0.614295444081296,0.10112039744853973,0.0,1236.4379370515746
627,628.0,0.8323062698942509,0.6143632344223715,0.09652797877788544,4895.255376440514,2277.1456098549443
628,629.0,0.8323561152422957,0.6143895089111179,0.09733913838863373,4738.143933828542,2505.38422854499
629,630.0,0.8253019745235329,0.6143912479337321,0.09806155413389206,4515.208061203306,2700.831067956293
630,631.0,0.8058538294494211,0.6051174072423519,0.10130325704813004,4486.711209244968,2608.2449181679694
631,632.0,0.7884500629680552,0.5959261866466554,0.10373453050851822,4584.690707035996,2518.4991144911182
632,633.0,0.7880660263656702,0.5959297793853047,0.1036408320069313,4466.478838942829,2745.486404319614
633,634.0,0.7792850912487204,0.5959282709801145,0.10382841527462006,4282.056454700956,0.0
634,635.0,0.7792702120408839,0.5959155425399887,0.10668685287237167,4291.038260083587,3061.3084973715304
635,636.0,0.7885248620378349,0.5959880864846937,0.10283113270998001,4172.633731741807,2996.2004382599844
636,637.0,0.7963775477253268,0.6051698071885327,0.10121174901723862,4143.02472099154,2974.0599551636406
637,638.0,0.7882017521668391,0.5776391060527147,0.10049282759428024,4097.509442522904,3033.683645164856
638,639.0,0.7701175361869891,0.5867622694149496,0.1052602156996727,4165.027576146691,2849.955509769745
639,640.0,0.7701022514882241,0.5867379513297284,0.1052602156996727,4261.140173823223,2778.459585783421
640,641.0,0.7609089280745479,0.5775538963938257,0.10535538196563721,4291.43858545259,2745.0700228338537
641,642.0,0.7609134727150945,0.5775551331658955,0.10606991499662399,4137.11950408906,2972.263032835297
642,643.0,0.7517404778069002,0.5683891649585855,0.10545073449611664,4029.760698296537,3046.0584560161515
643,644.0,0.769131137544652,0.5867973298780853,0.1052602156996727,4013.245457329438,3048.96437209312
644,645.0,0.7701674827667401,0.5776355225692955,0.10354728996753693,3975.9021717565192,3074.917138472403
645,646.0,0.7701848842889197,0.5868006840754079,0.10283113270998001,3953.1681218490994,3081.5262592550134
646,647.0,0.7517702104550876,0.5684133433626442,0.10454495996236801,3866.6064265851164,3209.8839768719045
647,648.0,0.7425652920134985,0.559219723138455,0.10606991499662399,4046.4202626468614,2930.516137055849
648,649.0,0.7425782970897109,0.5592230161422983,0.106165811419487,4101.779680585052,2873.6120329193072
649,650.0,0.7425476356687117,0.5592046554655137,0.10606991499662399,4131.641687349213,2829.516657480912
650,651.0,0.7425617016458456,0.5592169152527846,0.10454495996236801,3883.7164671859355,3136.75980239443
651,652.0,0.742575102221436,0.550055278618851,0.10768929868936539,3829.5450508934155,3146.5876898188435
652,653.0,0.7333804247030888,0.55003564912947,0.106165811419487,3830.998058700934,3149.478186420747
653,654.0,0.7333755886334898,0.550035299692487,0.10768929868936539,3812.186001666414,3134.837891751784
654,655.0,0.7333672194274667,0.5500248765430648,0.10626189410686493,3779.7487199296593,3181.8993067985284
655,656.0,0.7242229649944162,0.5500429191179499,0.106165811419487,3757.233147565392,3216.0390463488875
656,657.0,0.7242052171629293,0.5408604776586595,0.10697624087333679,3716.9992609202745,3232.0546769283246
657,658.0,0.7334061481029488,0.5500537682340475,0.10678313672542572,3700.874572475266,3237.4450445980765
658,659.0,0.7426056946545284,0.559239794121925,0.10392245650291443,3708.9996492866776,3245.491715547978
659,660.0,0.7426148887070279,0.5592533921159554,0.10211367905139923,3677.937575415999,3245.7417564769275
660,661.0,0.7421594122548929,0.5501037520998596,0.10435625165700912,3697.203101429681,3199.617886751599
661,662.0,0.7426373994002502,0.550108282143435,0.10229866951704025,3769.030292450392,3125.026317078795
662,663.0,0.7421063202745275,0.5500992986921945,0.1052602156996727,3856.9684184533544,3020.1695774148684
663,664.0,0.7426434849823402,0.5592775611032625,0.10454495996236801,3869.6399040042306,3016.6225682816585
664,665.0,0.7426344690561549,0.5501008403789487,0.1036408320069313,3838.3121800668305,3009.325879914162
665,666.0,0.7425243856410103,0.5592685620751259,0.10373453050851822,3860.889980632928,2990.138860433013
666,667.0,0.7426585883424791,0.5501189300190348,0.10301725566387177,3848.4218233686406,2981.1390915046213
667,668.0,0.7426360313938595,0.55010321758388,0.1036408320069313,3881.6402628057986,2964.6081526134512
668,669.0,0.7425554490455117,0.5501189045416863,0.10354728996753693,3891.6401083928067,2950.5774659751914
669,670.0,0.7423319480124084,0.5501008280159931,0.10283113270998001,3876.531276820635,2945.358745989215
670,671.0,0.7420464636568833,0.5592821214035526,0.10220609605312347,3907.0150477775023,2918.9843091724324
671,672.0,0.7334742289704208,0.5501082908012737,0.10229866951704025,3888.8122440447914,2921.2029935165774
672,673.0,0.7701589234868388,0.5592807243029493,0.09968240559101105,3884.6558371098945,2923.4371728939004
673,674.0,0.7609033035578234,0.5592960222401931,0.0997726172208786,3874.984026276332,2925.7337851934717
674,675.0,0.7426676277422946,0.559289614784225,0.10301725566387177,3869.0476763356364,2893.376031941145
675,676.0,0.7426465484159158,0.5501113745415954,0.10292410850524902,4132.810823882215,2786.035301277414
676,677.0,0.7424494863644515,0.5500897205862253,0.10229866951704025,4044.4374985035756,0.0
677,678.0,0.7420699888364735,0.5409540749661517,0.10507038980722427,4076.497916560118,2994.0144518692723
678,679.0,0.7334772919121579,0.5501128874475835,0.10292410850524902,3932.8272434313258,2887.6095029014687
679,680.0,0.7334932709902129,0.5409545327656794,0.10292410850524902,3877.561717821729,2899.577761654815
680,681.0,0.7334957483308469,0.540957632957733,0.10435625165700912,3865.5466059810715,2895.781037299501
681,682.0,0.7243289756731514,0.5317839671510105,0.10192935913801193,3875.6416076212918,0.0
682,683.0,0.7243311252792412,0.540951528596338,0.10354728996753693,3980.2970858748013,3024.2656014871754
683,684.0,0.7242495019936396,0.5317353066496054,0.10354728996753693,3874.049217665568,2874.3775132518786
684,685.0,0.7240242081495654,0.5317220908912663,0.1036408320069313,3865.5819753875257,2842.4092593968817
685,686.0,0.7150902867662645,0.5317325948341489,0.1036408320069313,3811.190814047688,2870.689746958582
686,687.0,0.7150819934729593,0.5225558320836244,0.10292410850524902,3762.816306560562,2893.1421081310255
687,688.0,0.7239010543552877,0.5409001805013084,0.10354728996753693,3751.800729834009,2895.2203113278374
688,689.0,0.7243343034501507,0.5409530957343245,0.10121174901723862,3738.441504398623,0.0
689,690.0,0.7151250547659594,0.5317569852254524,0.10454495996236801,3810.0026469447184,3069.5923499811324
690,691.0,0.7059557209593157,0.5317560874224033,0.10597417503595352,3728.81676085628,2906.907855303609
691,692.0,0.7059343942130181,0.5225791008539332,0.1052602156996727,3865.43167426085,2586.045507927105
692,693.0,0.7059285744507864,0.522576301414255,0.10749509185552597,3764.894082688057,2908.014778201061
693,694.0,0.6967819928940042,0.5225823035604977,0.10687960684299469,3692.1419351911754,2925.0134196458966
694,695.0,0.6967729477576236,0.5225808490824253,0.10687960684299469,3639.9074393303017,2979.5905862229993
695,696.0,0.6967518754219327,0.5133935641811325,0.10545073449611664,3588.3455501572753,3018.402162112063
696,697.0,0.6967558821576755,0.5133933638443952,0.10668685287237167,3567.080653592013,3027.198792025534
697,698.0,0.6967881071192816,0.5225914229442316,0.10606991499662399,3547.4245234827395,
698,699.0,0.6967592324577617,0.522564089305656,0.10597417503595352,3610.157890480914,3236.1640568725416
699,700.0,0.6875823689707986,0.5133933053399935,0.10768929868936539,3551.800192225637,3034.7463240175566
700,701.0,0.687570361257292,0.5042165702396247,0.10606991499662399,3546.0030413619243,3022.777392061369
701,702.0,0.6783817493882122,0.5042047225704093,0.10911155492067337,3560.253044354031,2998.4497992045362
702,703.0,0.6784028253295951,0.49505510214980325,0.10849899053573608,3522.7063853068394,3038.93317146966
703,704.0,0.6783893076454867,0.4950370374809841,0.10840106755495071,3490.175673388294,3052.0109738722094
704,705.0,0.6783862136958502,0.4950415163779293,0.10707305371761322,3463.629035022226,3059.479398218682
705,706.0,0.6783815574454868,0.4950368626944536,0.10768929868936539,3389.69230703637,3132.9933795097168
706,707.0,0.6784119066110954,0.4950536494612545,0.10849899053573608,3345.1776184104965,3158.008592707978
707,708.0,0.6692140872234983,0.4950385556415221,0.10778666287660599,3358.7711127410294,3131.4470642263186
708,709.0,0.6692154868076339,0.4858647752317538,0.10911155492067337,3370.0522058560746,0.0
709,710.0,0.6692230877731818,0.4858708172256446,0.10859709233045578,3442.4705294310697,3324.2872773527633
710,711.0,0.6692305928626917,0.4950491089983676,0.10768929868936539,3358.505467651703,3143.2124150555464
711,712.0,0.6692155312910768,0.4858707940924988,0.10849899053573608,3327.3026413978077,3160.352286198293
712,713.0,0.660065971658288,0.4858828914936053,0.10940751433372498,3296.5553216112894,3170.3989033445832
713,714.0,0.660041161745935,0.48585690688166844,0.10788421332836151,3290.0998722651275,3175.0397054211935
714,715.0,0.6600493698367573,0.49503101288416723,0.10849899053573608,3271.4130249617738,3189.132994423737
715,716.0,0.6600511019046109,0.48587236061519623,0.10930868983268738,3260.4283341474365,3190.273561873939
716,717.0,0.660036668734467,0.4858648449586136,0.10849899053573608,3250.9914610209526,3199.914182486711
717,718.0,0.6966496697807585,0.4950429662354304,0.10373453050851822,3242.8821856866125,3198.6173299712245
718,719.0,0.6783964255143687,0.48588001355020305,0.10678313672542572,3265.2724522904027,3168.5553582478897
719,720.0,0.6692261991333736,0.4858739226327981,0.10687960684299469,3264.6787854548893,3164.305736688315
720,721.0,0.6692081120749879,0.4766926208961223,0.10778666287660599,3290.3355685126776,3169.6812465028224
721,722.0,0.6600510151684775,0.47670623011800817,0.10788421332836151,3540.299906505057,3061.9332789695072
722,723.0,0.6600347733691608,0.4675187647548153,0.10849899053573608,3407.2398156871677,3110.4630032145506
723,724.0,0.6600434006254738,0.4767007901325617,0.10940751433372498,3333.1469137778004,3149.197000940032
724,725.0,0.6600647904904451,0.47671006354770673,0.10921002924442291,3285.9600801092747,3162.399626154409
725,726.0,0.6600675678220167,0.4675492333789362,0.1086953729391098,3248.976059795954,3180.883624676113
726,727.0,0.6600629047890765,0.47670305237603927,0.10626189410686493,3226.1173806290317,3189.4147223915716
727,728.0,0.650902624169367,0.45838119399823074,0.10788421332836151,3201.2114265781565,3193.82326146742
728,729.0,0.6417156001433182,0.4583670849736761,0.10911155492067337,3210.305224310214,3161.8532168141974
729,730.0,0.6417004847991346,0.44919260223817664,0.10940751433372498,3258.1802604560507,3037.543877256001
730,731.0,0.6325370298469601,0.4308512163443186,0.1086953729391098,3217.883697126308,3142.1816984877514
731,732.0,0.632521335626522,0.43084060944590014,0.11011838167905807,3169.6497190818045,3144.5877715471725
732,733.0,0.6233725421088152,0.43086164348385614,0.11102836579084396,3113.0567630321166,3198.0256632908277
733,734.0,0.6233439668359307,0.4308450559395087,0.11173777282238007,3052.385599845351,3258.8819957262604
734,735.0,0.623363582329375,0.430857163048329,0.11021794378757477,3009.9354394841794,3279.7565621236718
735,736.0,0.6233786246307023,0.44002790615871007,0.11082795262336731,2977.652218614501,3293.1000849783595
736,737.0,0.623357314374226,0.4400156528122498,0.11011838167905807,2958.9492002780316,3299.304689201148
737,738.0,0.6325147702574311,0.4400203760323191,0.10991979390382767,2943.543328219559,3311.3339757696085
738,739.0,0.6233120826501662,0.4308255559321227,0.10960571467876434,2970.668186121533,3259.616444774292
739,740.0,0.6141356506505128,0.4216382944478221,0.11183879524469376,2984.5898626981943,3244.4604251098935
740,741.0,0.6141446383400341,0.4124916721066504,0.1124458834528923,2986.058590780507,3233.8044991887873
741,742.0,0.6141310833483441,0.4124810925780468,0.11112885177135468,3006.9648276905355,3210.2267662736704
742,743.0,0.6049631397803698,0.4124764397026314,0.11264921724796295,2907.825228785572,3296.0532230821264
743,744.0,0.6049773979589615,0.41248866508892756,0.11183879524469376,2872.0289536737546,3312.505779179308
744,745.0,0.6049814759469636,0.4216518010818241,0.1124458834528923,2853.5136987013684,3318.2557591536024
745,746.0,0.6141688575139805,0.42166849317516053,0.11041761189699173,2839.185827803478,3325.3962005205685
746,747.0,0.6049734533584936,0.421640801297929,0.1124458834528923,2821.857832101581,3337.677335607994
747,748.0,0.6049995608707603,0.4124947463155629,0.1124458834528923,2810.6081254461315,3349.005284030951
748,749.0,0.5958137806238227,0.39415626709168494,0.11254746466875076,2853.732299246214,3279.1003354148415
749,750.0,0.5958086692826445,0.40331140290391027,0.11264921724796295,2862.310513701086,3268.4601834121277
750,751.0,0.586632513482979,0.3941366646389758,0.11335715651512146,2839.7326938519836,3274.238904127211
751,752.0,0.5866355564301386,0.3941517486752823,0.11194001138210297,2804.9677743357024,3312.0838721020264
752,753.0,0.5866171672488816,0.3849627962758325,0.11356233060359955,2742.281124576286,3347.3021727386513
753,754.0,0.5866400084639256,0.38498709943184195,0.1140638068318367,2721.281427304202,3363.2568332517403
754,755.0,0.5774618154073258,0.38497202092902594,0.11356233060359955,2690.173010798462,3370.363946173922
755,756.0,0.5774557218032718,0.3849720200309713,0.11345964670181274,2670.829234320554,3383.5042679640464
756,757.0,0.5774537088448182,0.3758103468883241,0.11416684836149216,2654.376105425821,3390.160481040075
757,758.0,0.5958486704418464,0.4216731276330204,0.1124458834528923,2620.3923847523984,3403.5975458951434
758,759.0,0.6050330997987691,0.4308604573687369,0.11082795262336731,2605.829928154766,3408.253776153666
759,760.0,0.6050376416458656,0.43085902655591707,0.11092807352542877,2589.361622680386,
760,761.0,0.6050310060315314,0.4308545134357805,0.11234448850154877,2693.484954506217,3589.658647840726
761,762.0,0.605036133323507,0.4308590036097033,0.11173777282238007,2804.1412771753967,3228.868682434724
762,763.0,0.605038676703325,0.43086203130923884,0.11092807352542877,2850.8907504221424,3178.4165732098627
763,764.0,0.6050573587207911,0.43086210489367854,0.11153625696897507,2868.560360898322,3158.135999825725
764,765.0,0.6050479959174367,0.4308695907030525,0.11001899093389511,2876.906098544481,3149.4331888479646
765,766.0,0.6050602931395014,0.43088160376292817,0.11092807352542877,2876.312648805091,3146.167666977679
766,767.0,0.5958707277877165,0.38502921918480637,0.1116369217634201,2877.2191437143483,3139.9963258767966
767,768.0,0.5867153637455665,0.3758660762779138,0.11264921724796295,2876.266183198488,3136.9337817945634
768,769.0,0.5775386048769218,0.3666909199641675,0.1140638068318367,2874.500278440537,3118.6837944306317
769,770.0,0.5683542752326546,0.35751105973307357,0.11275117099285126,2665.6104699740126,3659.1246749394645
770,771.0,0.5591785925454879,0.3483384119687202,0.11649069935083389,2792.842479194298,3356.893316525029
771,772.0,0.5591954083538471,0.3391803103669895,0.11508049815893173,2670.9675519857155,3338.8957452547147
772,773.0,0.5500280270694514,0.3391802190843808,0.1148727685213089,2582.5962268222356,3387.675868270533
773,774.0,0.5500355679893599,0.33001860322314175,0.11427006870508194,2528.1439404400226,3411.753533601055
774,775.0,0.5500047375526453,0.33000200225599635,0.11649069935083389,2487.0352275536716,3427.9563857591274
775,776.0,0.5500310453858455,0.33918182648568246,0.11437349021434784,2451.6452864361927,3425.7222523362143
776,777.0,0.5500170213901945,0.33001232395407426,0.11437349021434784,2417.88229854175,3439.1283745276596
777,778.0,0.5408768888099551,0.32085846740495066,0.11729966104030609,2404.552408489224,3440.315670935641
778,779.0,0.5408724520840772,0.3300261644490379,0.1156817376613617,2382.849386229922,3442.6441412601416
779,780.0,0.5408706624543688,0.33002297185484697,0.11578623950481415,2415.6464385055733,3386.225335541647
780,781.0,0.5316896361395484,0.31167873699791554,0.11740563064813614,2393.787141541601,3398.3770621734147
781,782.0,0.5225219651994492,0.3116780641929712,0.11751177906990051,2344.1316728851234,3436.019384227242
782,783.0,0.5225248623076586,0.31167570336200906,0.11810862272977829,2386.537490300034,3346.7086238721968
783,784.0,0.5317092269146991,0.3208584829062935,0.11659593135118484,2365.0853758852754,3375.0049055426352
784,785.0,0.53171830361283,0.3208630263715043,0.11740563064813614,2251.1488200757885,3468.518531762602
785,786.0,0.5316848951894705,0.3208449536921203,0.11518464982509613,2233.7743933333986,3474.362054870202
786,787.0,0.5317137895902334,0.32086908197013186,0.11599580943584442,2255.742214493075,3418.754008683929
787,788.0,0.5408921126948768,0.3392075297135427,0.11508049815893173,2301.663769763487,3385.0985944160784
788,789.0,0.5317133218691139,0.330022987343157,0.11589092761278152,2316.1950522907136,3368.5987532400177
789,790.0,0.5317109015265894,0.32085854668197666,0.11578623950481415,2319.7105912806,3353.2086034462845
790,791.0,0.5225295728559419,0.3116818569058835,0.11729966104030609,2335.6478879626666,3326.631195588241
791,792.0,0.5225386129232723,0.31168637143840117,0.11729966104030609,2388.881476675335,3273.351131660049
792,793.0,0.5225355904079173,0.3116892708602308,0.11740563064813614,2363.6789422499714,3273.5701416101947
793,794.0,0.5133551083918046,0.30250827475709197,0.11740563064813614,2312.2265443929355,3291.850516233535
794,795.0,0.5041879168944063,0.28417693406236955,0.11951082944869995,2283.945552348916,3307.053497726243
795,796.0,0.4950309760316624,0.27502161639370104,0.11891758441925049,2267.5396219523973,3308.412654427928
796,797.0,0.49502343541731847,0.2841756474863695,0.11881036311388016,2244.258769635111,3310.3365624286234
797,798.0,0.4950120405900046,0.2841769376591412,0.11589092761278152,2168.5410955736006,3361.8488317537413
798,799.0,0.4950129640810567,0.2750125477883663,0.11902501434087753,2105.729702876415,3386.098335553601
799,800.0,0.49505485078264305,0.27503507824266576,0.11902501434087753,2081.386578745878,3389.317052030441
800,801.0,0.4858915984454979,0.2658626151303198,0.11740563064813614,2090.9017653536575,3361.052067391778
801,802.0,0.4858857783622137,0.25669823563594063,0.11902501434087753,2075.011294425698,3360.333047903987
802,803.0,0.4950486506857188,0.256681285595947,0.11437349021434784,2038.8869493626407,3365.2075842784834
803,804.0,0.46754754463706505,0.2291861334100564,0.11740563064813614,2030.8090019672527,3369.145186534908
804,805.0,0.4583934404397711,0.22003054325044785,0.11751177906990051,2003.824934834207,3358.786171341664
805,806.0,0.44921228018475073,0.22003052840698034,0.11832220107316971,1986.1846594049712,1296.1025768372347
806,807.0,0.43088064445082813,0.20169059338406306,0.1184292882680893,0.0,1655.3630589503841
807,808.0,0.4216908042366721,0.19251211151954062,0.1199430525302887,2119.354827519356,3017.433733835868
808,809.0,0.42170006030404233,0.18334321044181334,0.12145409733057022,1953.3266163264598,3083.2292221575317
809,810.0,0.4033692452325771,0.16501530330339045,0.11924044787883759,1740.1423773628158,3140.7124084148236
810,811.0,0.3941834554694055,0.16500936611254186,0.12075348198413849,1676.7393992527504,3139.868650605742
811,812.0,0.39418345637046176,0.16500327789551952,0.12086276710033417,1631.4722660183907,3132.6811856615677
812,813.0,0.3942000052179978,0.16502288311386892,0.12064440548419952,1594.504187852799,3136.6650954355355
813,814.0,0.39419101575877863,0.16500935929796245,0.12145409733057022,1560.6609756246398,3130.540533708241
814,815.0,0.3941832451900517,0.17418004928759367,0.12064440548419952,1530.083292880714,3126.821902800817
815,816.0,0.3941865345306234,0.16500928831845518,0.1199430525302887,1476.2248843498382,3116.465243263592
816,817.0,0.38503360535812475,0.16502135228297485,0.12053551524877548,1473.2093572434387,3117.572132767833
817,818.0,0.3758661804547326,0.15585066064781944,0.12134447693824768,1483.2073166846676,3095.963253506823
818,819.0,0.3758662141762447,0.1466785036602754,0.1199430525302887,1517.1618375131075,3084.463485511573
819,820.0,0.36667562733211073,0.14667222528416368,0.12285152822732925,1507.989992603485,3081.80706980126
820,821.0,0.256677191298316,0.10083553688953877,0.12086276710033417,1489.021779349714,3071.3698206950503
821,822.0,0.35751722309013495,0.14667696276215664,0.12145409733057022,1466.9888046272827,3082.994742592273
822,823.0,0.3575413227530788,0.13751692366433516,0.12215343862771988,1417.0071154439065,3075.041622555087
823,824.0,0.3575518433711679,0.13752134878168343,0.12097223848104477,1373.9924724532611,3071.8542277414526
824,825.0,0.34838306593902935,0.128351902122537,0.12237433344125748,1314.571233642695,3081.0884120099363
825,826.0,0.3392087124984694,0.12834780990270822,0.12086276710033417,1294.7280128809507,3057.9793841771316
826,827.0,0.3483751748839945,0.12834977922934407,0.12086276710033417,1269.6033817444986,
827,828.0,0.3483751495647857,0.1375144470066294,0.12075348198413849,1542.2708898774872,
828,829.0,0.3575579703025525,0.14669357997283855,0.12134447693824768,1228.0906951112847,3091.9454657534952
829,830.0,0.3575413995803954,0.1375184036187613,0.12064440548419952,1214.1200827817083,3044.8235335393692
830,831.0,0.3483749266708227,0.1375166275383718,0.12064440548419952,1244.0572461191623,3012.670286003209
831,832.0,0.3392181625784727,0.12835289957892687,0.12145409733057022,1255.711237877491,
832,833.0,0.3300245148356597,0.12834306742552412,0.12285152822732925,1535.3805562509806,3328.912802740233
833,834.0,0.3300274704158397,0.11917541130915413,0.12086276710033417,1291.4783951837162,3022.6680349146773
834,835.0,0.3208599774757216,0.11917482238012979,0.12226378917694092,1290.0252995573683,3007.26218802901
835,836.0,0.3208630363648057,0.1191739232915018,0.12318475544452667,1264.9964935666358,3010.1816842168046
836,837.0,0.31169534067624055,0.11000765753244654,0.12178412824869156,1195.1052032912266,3015.480122760957
837,838.0,0.31169233845198496,0.1100047285793098,0.12307348847389221,1131.465166112088,3000.5584688431118
838,839.0,0.31170135896259954,0.11001224348662106,0.12307348847389221,1112.9342377467838,2992.9178420802637
839,840.0,0.30252367069197267,0.11001136109701917,0.12167392671108246,1093.3406085038732,2970.2150623727357
840,841.0,0.31169537723571394,0.11001526187625708,0.12237433344125748,1076.5310210747994,2967.9807042799366
841,842.0,0.31170740055789914,0.11001073940570008,0.12318475544452667,1063.5130477948405,2964.152566943754
842,843.0,0.31168739775500465,0.11000107534718559,0.12307348847389221,1047.7790631689713,2951.762146558729
843,844.0,0.30252167177236655,0.11000475818231939,0.12307348847389221,1030.3422086222272,2946.2778501696594
844,845.0,0.30252989074088893,0.10084302382416091,0.12237433344125748,1014.201558475761,2940.043531028088
845,846.0,0.3025303923210256,0.11001369604633866,0.12307348847389221,1023.6542405580112,2931.1531399681116
